representacion,clasificador,carga_train,carga_test,distancia_carga,fold,n_train,n_test,exactitud,f1_macro,f1_Normal,f1_IR,f1_B,f1_OR,segundos_ajuste,segundos_prediccion,en_comparacion
estadisticos_rmsnorm,SVM-RBF,0,1,1,0,991,311,0.8327974276527331,0.82468598987446,0.9947089947089947,0.7804878048780488,0.7301587301587301,0.7933884297520661,0.05348000000230968,0.024085499986540526,False
estadisticos_rmsnorm,SVM-RBF,0,1,1,1,1006,296,0.8141891891891891,0.8026610586561198,0.978021978021978,0.7543859649122807,0.7241379310344828,0.7540983606557377,0.03238510002847761,0.03290520003065467,False
estadisticos_rmsnorm,SVM-RBF,0,1,1,2,1006,295,0.7152542372881356,0.7336166350455577,0.76,0.7719298245614035,0.616822429906542,0.7857142857142857,0.03197450004518032,0.023042600019834936,False
estadisticos_rmsnorm,SVM-RBF,0,1,1,3,1006,296,0.8006756756756757,0.8000312420571041,0.9431818181818182,0.7758620689655172,0.6810810810810811,0.8,0.027020500041544437,0.023543099989183247,False
estadisticos_rmsnorm,SVM-RBF,0,1,1,4,1011,291,0.7800687285223368,0.7854544891876478,0.8862275449101796,0.7927927927927928,0.6770833333333334,0.7857142857142857,0.028153699997346848,0.021688800014089793,False
estadisticos_rmsnorm,SVM-RBF,0,2,2,0,991,311,0.7781350482315113,0.7808104215368247,0.9204545454545454,0.7394957983193278,0.6699029126213593,0.7933884297520661,0.027815299981739372,0.022823799983598292,False
estadisticos_rmsnorm,SVM-RBF,0,2,2,1,1006,295,0.8169491525423729,0.8069112461377654,0.9723756906077348,0.7567567567567568,0.7292817679558011,0.7692307692307693,0.027841700008139014,0.023448200023267418,False
estadisticos_rmsnorm,SVM-RBF,0,2,2,2,1006,297,0.7710437710437711,0.7642996379838485,0.9555555555555556,0.6666666666666666,0.6455026455026455,0.7894736842105263,0.028234099969267845,0.023576000006869435,False
estadisticos_rmsnorm,SVM-RBF,0,2,2,3,1006,295,0.8,0.7943457605012311,0.9666666666666667,0.743801652892562,0.6704545454545454,0.7964601769911505,0.02851490001194179,0.02348490001168102,False
estadisticos_rmsnorm,SVM-RBF,0,2,2,4,1011,291,0.8247422680412371,0.8150413959840189,0.9836065573770492,0.7678571428571429,0.7159090909090909,0.7927927927927928,0.0293328000116162,0.02274420001776889,False
estadisticos_rmsnorm,SVM-RBF,0,3,3,0,991,311,0.684887459807074,0.6878187550350128,0.8343558282208589,0.5252525252525253,0.5916666666666667,0.8,0.025666799978353083,0.023574599996209145,False
estadisticos_rmsnorm,SVM-RBF,0,3,3,1,1006,299,0.7090301003344481,0.6931277219629318,0.9132947976878613,0.48936170212765956,0.6095238095238096,0.7603305785123967,0.029046199982985854,0.024684000003617257,False
estadisticos_rmsnorm,SVM-RBF,0,3,3,2,1006,294,0.7414965986394558,0.7162455283278113,0.9723756906077348,0.46153846153846156,0.6310679611650486,0.8,0.02873000002000481,0.02360359998419881,False
estadisticos_rmsnorm,SVM-RBF,0,3,3,3,1006,299,0.7391304347826086,0.7164093414358395,0.9726775956284153,0.4791666666666667,0.6206896551724138,0.7931034482758621,0.03017859999090433,0.023540500027593225,False
estadisticos_rmsnorm,SVM-RBF,0,3,3,4,1011,291,0.6907216494845361,0.6829330467193059,0.8588957055214724,0.4827586206896552,0.5972850678733032,0.7927927927927928,0.029580999980680645,0.02279620000626892,False
estadisticos_rmsnorm,SVM-RBF,1,0,1,0,1178,264,0.7386363636363636,0.7262914396258426,0.6713286713286714,0.9078947368421053,0.5454545454545454,0.7804878048780488,0.025380900013260543,0.01944279996678233,False
estadisticos_rmsnorm,SVM-RBF,1,0,1,1,1193,249,0.7590361445783133,0.7504835438993384,0.6764705882352942,0.9420289855072463,0.6037735849056604,0.7796610169491526,0.025810500024817884,0.017971299996133894,False
estadisticos_rmsnorm,SVM-RBF,1,0,1,2,1194,249,0.8232931726907631,0.8209089504483095,0.6911764705882353,0.9855072463768116,0.8141592920353983,0.7927927927927928,0.027404399996157736,0.018574499990791082,False
estadisticos_rmsnorm,SVM-RBF,1,0,1,3,1193,249,0.7951807228915663,0.7898002746567281,0.6865671641791045,0.9436619718309859,0.7289719626168224,0.8,0.02478109998628497,0.018283299985341728,False
estadisticos_rmsnorm,SVM-RBF,1,0,1,4,1198,244,0.7786885245901639,0.7710815682507217,0.6814814814814815,0.9295774647887324,0.6732673267326733,0.8,0.04230999998981133,0.029767800006084144,False
estadisticos_rmsnorm,SVM-RBF,1,2,1,0,1178,311,0.9163987138263665,0.9078373015873016,1.0,0.9861111111111112,0.8452380952380952,0.8,0.029290299979038537,0.025552499981131405,False
estadisticos_rmsnorm,SVM-RBF,1,2,1,1,1193,295,0.8949152542372881,0.8834539896838194,1.0,0.9496402877697842,0.7947019867549668,0.7894736842105263,0.024045899976044893,0.02336499997181818,False
estadisticos_rmsnorm,SVM-RBF,1,2,1,2,1194,297,0.9090909090909091,0.8978545400461069,1.0,0.9714285714285714,0.8235294117647058,0.7964601769911505,0.02830730000277981,0.021447399980388582,False
estadisticos_rmsnorm,SVM-RBF,1,2,1,3,1193,295,0.9016949152542373,0.8904682645920141,1.0,0.950354609929078,0.8079470198675497,0.8035714285714286,0.025891700002830476,0.02209980000043288,False
estadisticos_rmsnorm,SVM-RBF,1,2,1,4,1198,291,0.9106529209621993,0.8993137254901962,1.0,0.9705882352941176,0.8266666666666667,0.8,0.026332000037655234,0.02234089997364208,False
estadisticos_rmsnorm,SVM-RBF,1,3,2,0,1178,311,0.8713826366559485,0.8639694784504444,1.0,0.8805970149253731,0.7752808988764045,0.8,0.028032700007315725,0.022829800029285252,False
estadisticos_rmsnorm,SVM-RBF,1,3,2,1,1193,299,0.8461538461538461,0.8363529411764705,1.0,0.816,0.7294117647058823,0.8,0.025913399993442,0.02163889998337254,False
estadisticos_rmsnorm,SVM-RBF,1,3,2,2,1194,294,0.8367346938775511,0.8255431702248253,1.0,0.8059701492537313,0.6962025316455697,0.8,0.029250599967781454,0.026321800018195063,False
estadisticos_rmsnorm,SVM-RBF,1,3,2,3,1193,299,0.8729096989966555,0.8634472165332341,1.0,0.8854961832061069,0.7682926829268293,0.8,0.028738200024235994,0.022921399970073253,False
estadisticos_rmsnorm,SVM-RBF,1,3,2,4,1198,291,0.8694158075601375,0.8595540758676352,1.0,0.864406779661017,0.7738095238095238,0.8,0.0277252999949269,0.02247910003643483,False
estadisticos_rmsnorm,SVM-RBF,2,0,2,0,1178,264,0.6060606060606061,0.5990898046643326,0.6666666666666666,0.6412213740458015,0.36666666666666664,0.7218045112781954,0.028129099984653294,0.019209399993997067,False
estadisticos_rmsnorm,SVM-RBF,2,0,2,1,1194,249,0.7269076305220884,0.7303816907197661,0.71875,0.782608695652174,0.6470588235294118,0.773109243697479,0.027262500021606684,0.018932999984826893,False
estadisticos_rmsnorm,SVM-RBF,2,0,2,2,1192,249,0.8072289156626506,0.8063045212938494,0.6911764705882353,0.9552238805970149,0.7931034482758621,0.7857142857142857,0.027891900041140616,0.019920999999158084,False
estadisticos_rmsnorm,SVM-RBF,2,0,2,3,1194,249,0.7911646586345381,0.7914866520661077,0.6865671641791045,0.9230769230769231,0.7563025210084033,0.8,0.026404500007629395,0.018473300035111606,False
estadisticos_rmsnorm,SVM-RBF,2,0,2,4,1198,244,0.7868852459016393,0.7808419376380542,0.6814814814814815,0.9428571428571428,0.6990291262135923,0.8,0.03197720000753179,0.027478699979837984,False
estadisticos_rmsnorm,SVM-RBF,2,1,1,0,1178,311,0.9035369774919614,0.8941331575477918,1.0,0.9594594594594594,0.8170731707317073,0.8,0.026480000000447035,0.023769699968397617,False
estadisticos_rmsnorm,SVM-RBF,2,1,1,1,1194,296,0.9054054054054054,0.8958689458689457,1.0,0.9629629629629629,0.8205128205128205,0.8,0.027472399990074337,0.023579400032758713,False
estadisticos_rmsnorm,SVM-RBF,2,1,1,2,1192,295,0.9050847457627119,0.8952207635890534,0.9945945945945946,0.9635036496350365,0.8227848101265823,0.8,0.027599700028076768,0.02107470005284995,False
estadisticos_rmsnorm,SVM-RBF,2,1,1,3,1194,296,0.9155405405405406,0.9060009487666034,1.0,0.9852941176470589,0.8387096774193549,0.8,0.024442700028885156,0.021824900002684444,False
estadisticos_rmsnorm,SVM-RBF,2,1,1,4,1198,291,0.9209621993127147,0.9105386014054744,1.0,0.9924812030075187,0.8496732026143791,0.8,0.028102099953684956,0.036122300021816045,False
estadisticos_rmsnorm,SVM-RBF,2,3,1,0,1178,311,0.9163987138263665,0.9082435791217895,1.0,0.9859154929577465,0.8470588235294118,0.8,0.03981779998866841,0.03077589999884367,False
estadisticos_rmsnorm,SVM-RBF,2,3,1,1,1194,299,0.8963210702341137,0.8877001243748182,0.989247311827957,0.9565217391304348,0.8050314465408805,0.8,0.029784000013023615,0.02437250001821667,False
estadisticos_rmsnorm,SVM-RBF,2,3,1,2,1192,294,0.891156462585034,0.8803355957767722,1.0,0.9264705882352942,0.7948717948717948,0.8,0.02658890001475811,0.021141299977898598,False
estadisticos_rmsnorm,SVM-RBF,2,3,1,3,1194,299,0.9063545150501672,0.8965721149404047,1.0,0.9635036496350365,0.8227848101265823,0.8,0.025152400019578636,0.023182499979157,False
estadisticos_rmsnorm,SVM-RBF,2,3,1,4,1198,291,0.9140893470790378,0.9035112290530247,1.0,0.9774436090225563,0.8366013071895425,0.8,0.025906299997586757,0.023840899986680597,False
estadisticos_rmsnorm,SVM-RBF,3,0,3,0,1183,264,0.5833333333333334,0.5736782916815997,0.6575342465753424,0.6466165413533834,0.25210084033613445,0.7384615384615385,0.04026110004633665,0.022821900027338415,False
estadisticos_rmsnorm,SVM-RBF,3,0,3,1,1195,249,0.6586345381526104,0.6638867084425177,0.6764705882352942,0.660377358490566,0.5323741007194245,0.7863247863247863,0.03180730005260557,0.020427200011909008,False
estadisticos_rmsnorm,SVM-RBF,3,0,3,2,1200,249,0.7068273092369478,0.7068702204228521,0.618421052631579,0.88,0.5769230769230769,0.7521367521367521,0.0331727999728173,0.020968700002413243,False
estadisticos_rmsnorm,SVM-RBF,3,0,3,3,1195,249,0.7951807228915663,0.7941559049400847,0.6814814814814815,0.9402985074626866,0.7478260869565218,0.8070175438596491,0.0314113000058569,0.022084500000346452,False
estadisticos_rmsnorm,SVM-RBF,3,0,3,4,1203,244,0.7663934426229508,0.7604817552065345,0.6764705882352942,0.9064748201438849,0.6732673267326733,0.7857142857142857,0.03447230003075674,0.02543480001622811,False
estadisticos_rmsnorm,SVM-RBF,3,1,2,0,1183,311,0.8681672025723473,0.8563419788086841,1.0,0.89171974522293,0.7402597402597403,0.7933884297520661,0.04391659999964759,0.02974169998196885,False
estadisticos_rmsnorm,SVM-RBF,3,1,2,1,1195,296,0.9121621621621622,0.9023177552374633,1.0,0.9781021897810219,0.8311688311688312,0.8,0.040366500033997,0.023897799954283983,False
estadisticos_rmsnorm,SVM-RBF,3,1,2,2,1200,295,0.9084745762711864,0.8970171047142261,1.0,0.9645390070921985,0.8235294117647058,0.8,0.02996830001939088,0.022584599966648966,False
estadisticos_rmsnorm,SVM-RBF,3,1,2,3,1195,296,0.8952702702702703,0.8839020701389546,1.0,0.9436619718309859,0.7919463087248322,0.8,0.028253299999050796,0.022509800037369132,False
estadisticos_rmsnorm,SVM-RBF,3,1,2,4,1203,291,0.8934707903780069,0.8806854858731814,1.0,0.9343065693430657,0.8027210884353742,0.7857142857142857,0.031138099962845445,0.02519940002821386,False
estadisticos_rmsnorm,SVM-RBF,3,2,1,0,1183,311,0.9163987138263665,0.9074187159597293,1.0,0.9863013698630136,0.8433734939759037,0.8,0.03206060000229627,0.03488280001329258,False
estadisticos_rmsnorm,SVM-RBF,3,2,1,1,1195,295,0.911864406779661,0.9014386881234708,1.0,0.9710144927536232,0.8311688311688312,0.8035714285714286,0.030785199953243136,0.02276070002699271,False
estadisticos_rmsnorm,SVM-RBF,3,2,1,2,1200,297,0.9124579124579124,0.9015115685867581,1.0,0.9784172661870504,0.8311688311688312,0.7964601769911505,0.030769700009841472,0.02222100005019456,False
estadisticos_rmsnorm,SVM-RBF,3,2,1,3,1195,295,0.9016949152542373,0.8904682645920141,1.0,0.950354609929078,0.8079470198675497,0.8035714285714286,0.028322900005150586,0.023395800031721592,False
estadisticos_rmsnorm,SVM-RBF,3,2,1,4,1203,291,0.9140893470790378,0.9030537159676233,1.0,0.9777777777777777,0.8344370860927153,0.8,0.03040239994879812,0.022276400006376207,False
estadisticos_rmsnorm,RandomForest,0,1,1,0,991,311,0.7652733118971061,0.7560863480699954,0.9080459770114943,0.7027027027027027,0.7422680412371134,0.6713286713286714,1.2158178999670781,0.15460990002611652,False
estadisticos_rmsnorm,RandomForest,0,1,1,1,1006,296,0.793918918918919,0.7853982467913765,0.9371428571428572,0.7115384615384616,0.7142857142857143,0.7786259541984732,1.2595442000310868,0.16442499996628612,False
estadisticos_rmsnorm,RandomForest,0,1,1,2,1006,295,0.7457627118644068,0.7335919540229885,0.9310344827586207,0.6666666666666666,0.67,0.6666666666666666,1.2128670999663882,0.15308840002398938,False
estadisticos_rmsnorm,RandomForest,0,1,1,3,1006,296,0.7837837837837838,0.7744505813254834,0.9608938547486033,0.7289719626168224,0.6777777777777778,0.7301587301587301,1.2124976000050083,0.15079089999198914,False
estadisticos_rmsnorm,RandomForest,0,1,1,4,1011,291,0.845360824742268,0.8373307513067574,0.9666666666666667,0.8,0.7468354430379747,0.835820895522388,1.2584075999911875,0.20966649998445064,False
estadisticos_rmsnorm,RandomForest,0,2,2,0,991,311,0.7266881028938906,0.7119585449730842,0.9017341040462428,0.5742574257425742,0.6761904761904762,0.6956521739130435,1.209250800020527,0.1528363999677822,False
estadisticos_rmsnorm,RandomForest,0,2,2,1,1006,295,0.7423728813559322,0.728875290962937,0.9310344827586207,0.6262626262626263,0.6559139784946236,0.7022900763358778,1.2500180000206456,0.15373550000367686,False
estadisticos_rmsnorm,RandomForest,0,2,2,2,1006,297,0.7508417508417509,0.7278057049333645,0.967032967032967,0.5319148936170213,0.6276595744680851,0.7846153846153846,1.226466000021901,0.17408669996075332,False
estadisticos_rmsnorm,RandomForest,0,2,2,3,1006,295,0.7864406779661017,0.7708087081359308,0.9836065573770492,0.6728971962616822,0.6296296296296297,0.7971014492753623,1.2635356000391766,0.15151350002270192,False
estadisticos_rmsnorm,RandomForest,0,2,2,4,1011,291,0.8006872852233677,0.7934267121767122,0.9431818181818182,0.7777777777777778,0.7142857142857143,0.7384615384615385,1.2704346000100486,0.2533161999890581,False
estadisticos_rmsnorm,RandomForest,0,3,3,0,991,311,0.7363344051446945,0.7152727879327709,0.9560439560439561,0.4948453608247423,0.6422018348623854,0.768,1.5449276000144891,0.1884476999985054,False
estadisticos_rmsnorm,RandomForest,0,3,3,1,1006,299,0.6789297658862876,0.6594775327725999,0.8674698795180723,0.45454545454545453,0.6037735849056604,0.7121212121212122,1.3715630999649875,0.20089520001783967,False
estadisticos_rmsnorm,RandomForest,0,3,3,2,1006,294,0.6938775510204082,0.6624589835820228,0.9666666666666667,0.449438202247191,0.5841584158415841,0.6495726495726496,1.4237346000154503,0.28120480000507087,False
estadisticos_rmsnorm,RandomForest,0,3,3,3,1006,299,0.6889632107023411,0.669991008137924,0.8941176470588236,0.4946236559139785,0.5925925925925926,0.6986301369863014,1.7422536999802105,0.1668492000317201,False
estadisticos_rmsnorm,RandomForest,0,3,3,4,1011,291,0.6701030927835051,0.6541455668088131,0.8928571428571429,0.5,0.5520833333333334,0.6716417910447762,1.3564587000291795,0.15344919997733086,False
estadisticos_rmsnorm,RandomForest,1,0,1,0,1178,264,0.4015151515151515,0.3758985200845666,0.5581395348837209,0.0,0.4,0.5454545454545454,1.2600682000047527,0.29874739999650046,False
estadisticos_rmsnorm,RandomForest,1,0,1,1,1193,249,0.3413654618473896,0.30537883169462116,0.5054945054945055,0.0,0.21052631578947367,0.5054945054945055,1.3452910000341944,0.1511389000224881,False
estadisticos_rmsnorm,RandomForest,1,0,1,2,1194,249,0.37751004016064255,0.3486486275532505,0.5108695652173914,0.043478260869565216,0.3458646616541353,0.4943820224719101,1.291231199982576,0.15744410001207143,False
estadisticos_rmsnorm,RandomForest,1,0,1,3,1193,249,0.46586345381526106,0.4579048088663473,0.5443786982248521,0.4603174603174603,0.32142857142857145,0.5054945054945055,1.3270155999925919,0.15880420000758022,False
estadisticos_rmsnorm,RandomForest,1,0,1,4,1198,244,0.5040983606557377,0.49735603902270564,0.5679012345679012,0.37606837606837606,0.5454545454545454,0.5,1.440473499998916,0.1767911000060849,False
estadisticos_rmsnorm,RandomForest,1,2,1,0,1178,311,0.8617363344051447,0.8519807530598897,1.0,0.9640287769784173,0.6906474820143885,0.7532467532467533,1.2981115999864414,0.21392350003588945,False
estadisticos_rmsnorm,RandomForest,1,2,1,1,1193,295,0.8949152542372881,0.8813405435191568,1.0,0.9558823529411765,0.7350427350427351,0.8344370860927153,1.3996969999861903,0.16315949999261647,False
estadisticos_rmsnorm,RandomForest,1,2,1,2,1194,297,0.8922558922558923,0.8810768520084842,1.0,0.9850746268656716,0.7419354838709677,0.7972972972972973,1.4288762000505812,0.1973776000086218,False
estadisticos_rmsnorm,RandomForest,1,2,1,3,1193,295,0.9593220338983051,0.9551078551078551,1.0,0.9925925925925926,0.9047619047619048,0.9230769230769231,1.3038793000159785,0.1670735999941826,False
estadisticos_rmsnorm,RandomForest,1,2,1,4,1198,291,0.9725085910652921,0.9695786800264412,1.0,0.9850746268656716,0.9393939393939394,0.9538461538461539,1.3017256999737583,0.1573375000152737,False
estadisticos_rmsnorm,RandomForest,1,3,2,0,1178,311,0.8842443729903537,0.8775735294117647,1.0,0.9411764705882353,0.775,0.7941176470588235,1.35646340000676,0.19935949996579438,False
estadisticos_rmsnorm,RandomForest,1,3,2,1,1193,299,0.8561872909698997,0.8463993443611887,1.0,0.8661417322834646,0.7225806451612903,0.796875,1.3529484000173397,0.24254710000241175,False
estadisticos_rmsnorm,RandomForest,1,3,2,2,1194,294,0.8741496598639455,0.8598758476786645,1.0,0.9295774647887324,0.725925925925926,0.784,1.3152327999705449,0.24433249997673556,False
estadisticos_rmsnorm,RandomForest,1,3,2,3,1193,299,0.8695652173913043,0.8576373980249034,1.0,0.9852941176470589,0.7153284671532847,0.7299270072992701,1.5707198000163771,0.1945727000129409,False
estadisticos_rmsnorm,RandomForest,1,3,2,4,1198,291,0.8178694158075601,0.8016264034379005,1.0,0.96875,0.5954198473282443,0.6423357664233577,1.3695454000262544,0.1419330000062473,False
estadisticos_rmsnorm,RandomForest,2,0,2,0,1178,264,0.4015151515151515,0.3829703927032333,0.5748502994011976,0.037383177570093455,0.3741935483870968,0.5454545454545454,1.2244214999955148,0.16197210003156215,False
estadisticos_rmsnorm,RandomForest,2,0,2,1,1194,249,0.44176706827309237,0.4228562545126013,0.6013071895424836,0.13725490196078433,0.4473684210526316,0.5054945054945055,1.2380559999728575,0.17066830000840127,False
estadisticos_rmsnorm,RandomForest,2,0,2,2,1192,249,0.46184738955823296,0.41838250873831395,0.5802469135802469,0.02197802197802198,0.5769230769230769,0.4943820224719101,1.2167251000064425,0.27510499994968995,False
estadisticos_rmsnorm,RandomForest,2,0,2,3,1194,249,0.5220883534136547,0.5120624128388404,0.5859872611464968,0.3448275862068966,0.6119402985074627,0.5054945054945055,1.2081909999833442,0.1496929000131786,False
estadisticos_rmsnorm,RandomForest,2,0,2,4,1198,244,0.5204918032786885,0.5139614877389066,0.5822784810126582,0.37606837606837606,0.5806451612903226,0.5168539325842697,1.3990239999839105,0.21270410000579432,False
estadisticos_rmsnorm,RandomForest,2,1,1,0,1178,311,0.9389067524115756,0.9330496456762007,1.0,0.9536423841059603,0.8979591836734694,0.8805970149253731,1.2680973000242375,0.14366880001034588,False
estadisticos_rmsnorm,RandomForest,2,1,1,1,1194,296,0.9594594594594594,0.9558728098637248,1.0,1.0,0.9130434782608695,0.9104477611940298,1.248342299950309,0.18499760003760457,False
estadisticos_rmsnorm,RandomForest,2,1,1,2,1192,295,0.9288135593220339,0.9212719288579265,0.9945945945945946,0.9577464788732394,0.8823529411764706,0.8503937007874016,1.2909600000130013,0.14658989995950833,False
estadisticos_rmsnorm,RandomForest,2,1,1,3,1194,296,0.9121621621621622,0.9031215161649944,1.0,0.9710144927536232,0.8153846153846154,0.8260869565217391,1.231754100008402,0.14753570000175387,False
estadisticos_rmsnorm,RandomForest,2,1,1,4,1198,291,0.9037800687285223,0.8907737366664824,1.0,0.9635036496350365,0.7627118644067796,0.8368794326241135,1.229893199983053,0.22047709999606013,False
estadisticos_rmsnorm,RandomForest,2,3,1,0,1178,311,0.9228295819935691,0.9165217391304348,1.0,1.0,0.84,0.8260869565217391,1.302088999946136,0.14823300001444295,False
estadisticos_rmsnorm,RandomForest,2,3,1,1,1194,299,0.9264214046822743,0.9204631520817074,0.989247311827957,0.9714285714285714,0.8405797101449275,0.8805970149253731,1.2115880000055768,0.15469419996952638,False
estadisticos_rmsnorm,RandomForest,2,3,1,2,1192,294,0.8945578231292517,0.87998432816339,1.0,0.9577464788732394,0.7394957983193278,0.8226950354609929,1.2835188999888487,0.15344720002030954,False
estadisticos_rmsnorm,RandomForest,2,3,1,3,1194,299,0.8327759197324415,0.8128440418154013,1.0,0.9784172661870504,0.5932203389830508,0.6797385620915033,1.2248135000118054,0.15017010003793985,False
estadisticos_rmsnorm,RandomForest,2,3,1,4,1198,291,0.8762886597938144,0.8597402597402598,1.0,1.0,0.6727272727272727,0.7662337662337663,1.22964839998167,0.17736289999447763,False
estadisticos_rmsnorm,RandomForest,3,0,3,0,1183,264,0.3787878787878788,0.3357880480785509,0.5454545454545454,0.0,0.3128491620111732,0.48484848484848486,1.2043470000498928,0.1778564000269398,False
estadisticos_rmsnorm,RandomForest,3,0,3,1,1195,249,0.39357429718875503,0.3466753669182819,0.5380116959064327,0.0,0.3431952662721893,0.5054945054945055,1.212102799967397,0.14338159997714683,False
estadisticos_rmsnorm,RandomForest,3,0,3,2,1200,249,0.3815261044176707,0.3346797597616239,0.5193370165745856,0.0,0.325,0.4943820224719101,1.2338055000291206,0.16476679994957522,False
estadisticos_rmsnorm,RandomForest,3,0,3,3,1195,249,0.3855421686746988,0.3479743523098045,0.5139664804469274,0.057971014492753624,0.31446540880503143,0.5054945054945055,1.1845088000409305,0.16028579999692738,False
estadisticos_rmsnorm,RandomForest,3,0,3,4,1203,244,0.45901639344262296,0.4560689034705463,0.5257142857142857,0.4418604651162791,0.36231884057971014,0.4943820224719101,1.2474273999687284,0.14067579997936264,False
estadisticos_rmsnorm,RandomForest,3,1,2,0,1183,311,0.797427652733119,0.7829118326037997,1.0,0.7761194029850746,0.6783625730994152,0.6771653543307087,1.1968466999824159,0.1508769000065513,False
estadisticos_rmsnorm,RandomForest,3,1,2,1,1195,296,0.8006756756756757,0.7846318211702827,1.0,0.7521367521367521,0.6863905325443787,0.7,1.2578744000056759,0.16195400001015514,False
estadisticos_rmsnorm,RandomForest,3,1,2,2,1200,295,0.8203389830508474,0.8070730185146662,1.0,0.7454545454545455,0.6708074534161491,0.8120300751879699,1.2314719000132754,0.1749831999768503,False
estadisticos_rmsnorm,RandomForest,3,1,2,3,1195,296,0.8918918918918919,0.8822170494064618,1.0,0.9147286821705426,0.7669172932330827,0.8472222222222222,1.1880629999795929,0.1548835000139661,False
estadisticos_rmsnorm,RandomForest,3,1,2,4,1203,291,0.8144329896907216,0.8013574142582164,1.0,0.7931034482758621,0.6582278481012658,0.7540983606557377,1.269632899959106,0.14673000003676862,False
estadisticos_rmsnorm,RandomForest,3,2,1,0,1183,311,0.9196141479099679,0.9154813184466737,1.0,0.9090909090909091,0.8520710059171598,0.9007633587786259,1.1933992999838665,0.17477789998520166,False
estadisticos_rmsnorm,RandomForest,3,2,1,1,1195,295,0.8915254237288136,0.8813001129884825,1.0,0.8739495798319328,0.8481012658227848,0.8031496062992126,1.2548415000201203,0.14708809996955097,False
estadisticos_rmsnorm,RandomForest,3,2,1,2,1200,297,0.8484848484848485,0.8381419291104409,1.0,0.7964601769911505,0.7457627118644068,0.8103448275862069,1.3610971000161953,0.16829650005092844,False
estadisticos_rmsnorm,RandomForest,3,2,1,3,1195,295,0.8610169491525423,0.8517818508215949,1.0,0.8173913043478261,0.7484662576687117,0.8412698412698413,1.103398700011894,0.07979829999385402,False
estadisticos_rmsnorm,RandomForest,3,2,1,4,1203,291,0.8419243986254296,0.8311422413793104,1.0,0.8620689655172413,0.7125,0.75,0.578200200048741,0.07682269997894764,False
fft_rmsnorm,SVM-RBF,0,1,1,0,991,311,0.8135048231511254,0.7866465416605867,0.9204545454545454,0.56,0.8089887640449438,0.8571428571428571,0.15046869998332113,0.06414660002337769,False
fft_rmsnorm,SVM-RBF,0,1,1,1,1006,296,0.8175675675675675,0.7808892496392497,0.9431818181818182,0.5111111111111111,0.8121212121212121,0.8571428571428571,0.13768369995523244,0.059826700016856194,False
fft_rmsnorm,SVM-RBF,0,1,1,2,1006,295,0.7966101694915254,0.7843916944846678,0.9058823529411765,0.5531914893617021,0.6938775510204082,0.9846153846153847,0.1377130999462679,0.06580040004337206,False
fft_rmsnorm,SVM-RBF,0,1,1,3,1006,296,0.8175675675675675,0.7789975040925027,0.9491525423728814,0.4943820224719101,0.8701298701298701,0.8023255813953488,0.14088250003987923,0.06176650000270456,False
fft_rmsnorm,SVM-RBF,0,1,1,4,1011,291,0.7903780068728522,0.7480355229041697,0.9186046511627907,0.4470588235294118,0.7857142857142857,0.8407643312101911,0.1374233000096865,0.05962970003020018,False
fft_rmsnorm,SVM-RBF,0,2,2,0,991,311,0.8167202572347267,0.8122996613073609,0.8198757763975155,0.7586206896551724,0.8135593220338984,0.8571428571428571,0.1398104999680072,0.0660626000026241,False
fft_rmsnorm,SVM-RBF,0,2,2,1,1006,295,0.711864406779661,0.6837092661120414,0.7432432432432432,0.45977011494252873,0.7046632124352331,0.8271604938271605,0.13246749999234453,0.065808100043796,False
fft_rmsnorm,SVM-RBF,0,2,2,2,1006,297,0.6902356902356902,0.6959482506910732,0.6376811594202898,0.5531914893617021,0.5929203539823009,1.0,0.13787139998748899,0.06136799999512732,False
fft_rmsnorm,SVM-RBF,0,2,2,3,1006,295,0.752542372881356,0.7449423670943613,0.7843137254901961,0.6041666666666666,0.9041095890410958,0.6871794871794872,0.15304840001044795,0.0736806999775581,False
fft_rmsnorm,SVM-RBF,0,2,2,4,1011,291,0.7697594501718213,0.7495779098892238,0.8301886792452831,0.5652173913043478,0.7457627118644068,0.8571428571428571,0.1367964000091888,0.0580820000031963,False
fft_rmsnorm,SVM-RBF,0,3,3,0,991,311,0.4983922829581994,0.4013907210443004,0.020833333333333332,0.24390243902439024,0.549618320610687,0.7912087912087912,0.12900059996172786,0.06344960001297295,False
fft_rmsnorm,SVM-RBF,0,3,3,1,1006,299,0.34448160535117056,0.25322389529209394,0.021052631578947368,0.08450704225352113,0.2857142857142857,0.6216216216216216,0.13732929999241605,0.06025989999761805,False
fft_rmsnorm,SVM-RBF,0,3,3,2,1006,294,0.41156462585034015,0.35002893294613313,0.08247422680412371,0.028985507246376812,0.4364820846905538,0.8521739130434782,0.13263680000090972,0.06087310001021251,False
fft_rmsnorm,SVM-RBF,0,3,3,3,1006,299,0.36789297658862874,0.3207762045132051,0.061855670103092786,0.27848101265822783,0.5046728971962616,0.4380952380952381,0.13397709996206686,0.06266739999409765,False
fft_rmsnorm,SVM-RBF,0,3,3,4,1011,291,0.4845360824742268,0.38640473719865076,0.08247422680412371,0.14084507042253522,0.5365853658536586,0.7857142857142857,0.1426857000333257,0.06185109994839877,False
fft_rmsnorm,SVM-RBF,1,0,1,0,1178,264,1.0,1.0,1.0,1.0,1.0,1.0,0.17451580002671108,0.06219229998532683,False
fft_rmsnorm,SVM-RBF,1,0,1,1,1193,249,0.8875502008032129,0.8954235188897766,1.0,0.7927927927927928,0.9545454545454546,0.8343558282208589,0.17090520000783727,0.0551413000212051,False
fft_rmsnorm,SVM-RBF,1,0,1,2,1194,249,0.8313253012048193,0.8472588522588522,1.0,0.7857142857142857,0.8376068376068376,0.7657142857142857,0.18062220001593232,0.05654879997018725,False
fft_rmsnorm,SVM-RBF,1,0,1,3,1193,249,0.8554216867469879,0.867681436005917,1.0,0.7706422018348624,0.9047619047619048,0.7953216374269005,0.17443230003118515,0.057452999986708164,False
fft_rmsnorm,SVM-RBF,1,0,1,4,1198,244,0.889344262295082,0.8977046501262813,1.0,0.8,0.9606299212598425,0.8301886792452831,0.16906850005034357,0.055184800003189594,False
fft_rmsnorm,SVM-RBF,1,2,1,0,1178,311,0.9935691318327974,0.99305421570519,1.0,0.9859154929577465,0.9863013698630136,1.0,0.17025849997298792,0.07361050002509728,False
fft_rmsnorm,SVM-RBF,1,2,1,1,1193,295,0.911864406779661,0.8986818211959378,1.0,0.7592592592592593,0.9927007299270073,0.8427672955974843,0.17996779998065904,0.07189990003826097,False
fft_rmsnorm,SVM-RBF,1,2,1,2,1194,297,0.9090909090909091,0.8942704621577386,1.0,0.7522935779816514,0.9640287769784173,0.8607594936708861,0.17731710005318746,0.07336350000696257,False
fft_rmsnorm,SVM-RBF,1,2,1,3,1193,295,0.8983050847457628,0.8793465515586215,1.0,0.7115384615384616,0.9577464788732394,0.8481012658227848,0.1773731000139378,0.06919260002905503,False
fft_rmsnorm,SVM-RBF,1,2,1,4,1198,291,0.8865979381443299,0.8736389454433461,1.0,0.7663551401869159,0.9133858267716536,0.8148148148148148,0.17619880003621802,0.0926581000094302,False
fft_rmsnorm,SVM-RBF,1,3,2,0,1178,311,0.9710610932475884,0.9686274509803922,1.0,0.9411764705882353,0.9333333333333333,1.0,0.1637973000179045,0.06994229997508228,False
fft_rmsnorm,SVM-RBF,1,3,2,1,1193,299,0.8595317725752508,0.8513092192983933,0.9946524064171123,0.7964601769911505,0.847457627118644,0.7666666666666667,0.17057129996828735,0.06534060003468767,False
fft_rmsnorm,SVM-RBF,1,3,2,2,1194,294,0.9013605442176871,0.8917852353443956,0.9945945945945946,0.7857142857142857,0.9618320610687023,0.825,0.16224570001941174,0.06449620000785217,False
fft_rmsnorm,SVM-RBF,1,3,2,3,1193,299,0.8461538461538461,0.8340287049399199,1.0,0.7289719626168224,0.8571428571428571,0.75,0.16371199995046481,0.06631940003717318,False
fft_rmsnorm,SVM-RBF,1,3,2,4,1198,291,0.738831615120275,0.7079304382875812,0.9945945945945946,0.6530612244897959,0.5494505494505495,0.6346153846153846,0.1632314000162296,0.06304209999507293,False
fft_rmsnorm,SVM-RBF,2,0,2,0,1178,264,0.9848484848484849,0.9861084314103801,1.0,0.971830985915493,0.9726027397260274,1.0,0.16483540000626817,0.05985999997938052,False
fft_rmsnorm,SVM-RBF,2,0,2,1,1194,249,0.8112449799196787,0.7962865884205254,1.0,0.4943820224719101,0.8407643312101911,0.85,0.17754770000465214,0.06803570000920445,False
fft_rmsnorm,SVM-RBF,2,0,2,2,1192,249,0.9598393574297188,0.9630402266697358,1.0,0.9253731343283582,0.9343065693430657,0.9924812030075187,0.18492889998015016,0.062370500003453344,False
fft_rmsnorm,SVM-RBF,2,0,2,3,1194,249,0.9799196787148594,0.9813603743066339,1.0,0.9781021897810219,0.9618320610687023,0.9855072463768116,0.17624960001558065,0.05863009998574853,False
fft_rmsnorm,SVM-RBF,2,0,2,4,1198,244,0.9754098360655737,0.9772256728778468,1.0,0.9565217391304348,0.9523809523809523,1.0,0.17090430000098422,0.055882400018163025,False
fft_rmsnorm,SVM-RBF,2,1,1,0,1178,311,0.9903536977491961,0.9895823354727464,1.0,0.9863013698630136,0.993006993006993,0.9790209790209791,0.17366789997322485,0.07076360000064597,False
fft_rmsnorm,SVM-RBF,2,1,1,1,1194,296,0.8783783783783784,0.8526798280222938,0.9945945945945946,0.6464646464646465,0.9178082191780822,0.8518518518518519,0.173064999980852,0.07292140001663938,False
fft_rmsnorm,SVM-RBF,2,1,1,2,1192,295,0.9932203389830508,0.9931170632962867,0.9945945945945946,0.9855072463768116,1.0,0.9923664122137404,0.16977909998968244,0.07094100001268089,False
fft_rmsnorm,SVM-RBF,2,1,1,3,1194,296,1.0,1.0,1.0,1.0,1.0,1.0,0.19953979999991134,0.06920959998387843,False
fft_rmsnorm,SVM-RBF,2,1,1,4,1198,291,0.9896907216494846,0.9892469392469393,0.9945945945945946,0.9777777777777777,0.9846153846153847,1.0,0.18932180001866072,0.06870609999168664,False
fft_rmsnorm,SVM-RBF,2,3,1,0,1178,311,0.9485530546623794,0.94375,1.0,0.9,0.875,1.0,0.17439659999217838,0.07090529997367412,False
fft_rmsnorm,SVM-RBF,2,3,1,1,1194,299,0.8963210702341137,0.8876320560821072,1.0,0.7964601769911505,0.9375,0.8165680473372781,0.16773700003977865,0.06691639998462051,False
fft_rmsnorm,SVM-RBF,2,3,1,2,1192,294,0.9829931972789115,0.9814448292924295,1.0,0.9645390070921985,0.9612403100775194,1.0,0.17334600002504885,0.0734334999579005,False
fft_rmsnorm,SVM-RBF,2,3,1,3,1194,299,0.9565217391304348,0.9517651552354449,1.0,0.912751677852349,0.8943089430894309,1.0,0.18233819998567924,0.06872810004279017,False
fft_rmsnorm,SVM-RBF,2,3,1,4,1198,291,0.9072164948453608,0.8993827393231677,1.0,0.8301886792452831,0.831858407079646,0.9354838709677419,0.17265830002725124,0.06772039999486879,False
fft_rmsnorm,SVM-RBF,3,0,3,0,1183,264,0.6401515151515151,0.5994136914510317,1.0,0.08,0.647887323943662,0.6697674418604651,0.1684743000078015,0.059474000008776784,False
fft_rmsnorm,SVM-RBF,3,0,3,1,1195,249,0.6746987951807228,0.664624881291548,1.0,0.345679012345679,0.6153846153846154,0.6974358974358974,0.17107069998746738,0.05569210002431646,False
fft_rmsnorm,SVM-RBF,3,0,3,2,1200,249,0.6265060240963856,0.5979551746868821,1.0,0.16216216216216217,0.576,0.6536585365853659,0.168128399993293,0.057006900024134666,False
fft_rmsnorm,SVM-RBF,3,0,3,3,1195,249,0.6345381526104418,0.5814004697592484,1.0,0.0,0.6717557251908397,0.6538461538461539,0.16597920004278421,0.056396299973130226,False
fft_rmsnorm,SVM-RBF,3,0,3,4,1203,244,0.6598360655737705,0.6228623902308497,1.0,0.14084507042253522,0.6666666666666666,0.6839378238341969,0.1728935000137426,0.05645969999022782,False
fft_rmsnorm,SVM-RBF,3,1,2,0,1183,311,0.8231511254019293,0.7886108273748724,1.0,0.5454545454545454,0.8,0.8089887640449438,0.1620136999990791,0.07339740003226325,False
fft_rmsnorm,SVM-RBF,3,1,2,1,1195,296,0.9087837837837838,0.8994062244062244,0.9945945945945946,0.7818181818181819,0.9848484848484849,0.8363636363636363,0.17380689998390153,0.06794899998931214,False
fft_rmsnorm,SVM-RBF,3,1,2,2,1200,295,0.8915254237288136,0.8713743022889038,1.0,0.6923076923076923,0.9577464788732394,0.8354430379746836,0.17073839996010065,0.07264309999300167,False
fft_rmsnorm,SVM-RBF,3,1,2,3,1195,296,0.8141891891891891,0.7555762090406907,1.0,0.3855421686746988,0.8344370860927153,0.8023255813953488,0.16006530000595376,0.06774049997329712,False
fft_rmsnorm,SVM-RBF,3,1,2,4,1203,291,0.8831615120274914,0.8714274947241483,1.0,0.7663551401869159,0.9193548387096774,0.8,0.1688134999712929,0.06760140002006665,False
fft_rmsnorm,SVM-RBF,3,2,1,0,1183,311,0.8392282958199357,0.809880262505648,1.0,0.5742574257425742,0.8783783783783784,0.7868852459016393,0.162051799998153,0.07124760001897812,False
fft_rmsnorm,SVM-RBF,3,2,1,1,1195,295,0.9084745762711864,0.8960374971244537,1.0,0.7592592592592593,0.9925925925925926,0.8322981366459627,0.24207770003704354,0.18833819997962564,False
fft_rmsnorm,SVM-RBF,3,2,1,2,1200,297,0.9259259259259259,0.9169442593826338,1.0,0.8070175438596491,1.0,0.8607594936708861,0.21838899998692796,0.07357010000851005,False
fft_rmsnorm,SVM-RBF,3,2,1,3,1195,295,0.8813559322033898,0.8558018068887634,1.0,0.6464646464646465,0.9444444444444444,0.8322981366459627,0.16463449998991564,0.0733044000226073,False
fft_rmsnorm,SVM-RBF,3,2,1,4,1203,291,0.9106529209621993,0.9010482594936708,1.0,0.8,0.96875,0.8354430379746836,0.17888080002740026,0.06872779998229817,False
fft_rmsnorm,RandomForest,0,1,1,0,991,311,0.7781350482315113,0.6747619047619048,1.0,0.08,0.8571428571428571,0.7619047619047619,0.6682816999964416,0.06506200000876561,False
fft_rmsnorm,RandomForest,0,1,1,1,1006,296,0.7905405405405406,0.6932860366849131,1.0,0.1388888888888889,0.8589743589743589,0.7752808988764045,0.6293229999719188,0.06570999999530613,False
fft_rmsnorm,RandomForest,0,1,1,2,1006,295,0.823728813559322,0.7640435173248956,1.0,0.38095238095238093,0.8553459119496856,0.8198757763975155,0.6282261000014842,0.06558629998471588,False
fft_rmsnorm,RandomForest,0,1,1,3,1006,296,0.7736486486486487,0.6532681799075242,1.0,0.0,0.8589743589743589,0.7540983606557377,0.6298637000145391,0.07306520000565797,False
fft_rmsnorm,RandomForest,0,1,1,4,1011,291,0.7766323024054983,0.6603198294243071,1.0,0.029850746268656716,0.8571428571428571,0.7542857142857143,0.637542599986773,0.06407820002641529,False
fft_rmsnorm,RandomForest,0,2,2,0,991,311,0.7717041800643086,0.6596167047468776,1.0,0.0273972602739726,0.8571428571428571,0.7539267015706806,0.6245983999688178,0.06471830001100898,False
fft_rmsnorm,RandomForest,0,2,2,1,1006,295,0.7864406779661017,0.6847874589308,1.0,0.11267605633802817,0.8607594936708861,0.7657142857142857,0.6093538000131957,0.06396410003071651,False
fft_rmsnorm,RandomForest,0,2,2,2,1006,297,0.7878787878787878,0.6908041897026279,1.0,0.136986301369863,0.8535031847133758,0.7727272727272727,0.610365999978967,0.0661491000209935,False
fft_rmsnorm,RandomForest,0,2,2,3,1006,295,0.7864406779661017,0.6847874589308,1.0,0.11267605633802817,0.8607594936708861,0.7657142857142857,0.6187968999729492,0.06398090004222468,False
fft_rmsnorm,RandomForest,0,2,2,4,1011,291,0.7938144329896907,0.7000700280112044,1.0,0.16666666666666666,0.8571428571428571,0.7764705882352941,0.6119138000067323,0.06353570002829656,False
fft_rmsnorm,RandomForest,0,3,3,0,991,311,0.7877813504823151,0.696295639844027,1.0,0.15384615384615385,0.8571428571428571,0.7741935483870968,0.6145249999826774,0.06491489999461919,False
fft_rmsnorm,RandomForest,0,3,3,1,1006,299,0.7759197324414716,0.6725866703839121,1.0,0.0821917808219178,0.8553459119496856,0.7528089887640449,0.6088890999672003,0.06545670004561543,False
fft_rmsnorm,RandomForest,0,3,3,2,1006,294,0.7959183673469388,0.7158882783882784,1.0,0.23076923076923078,0.8589743589743589,0.7738095238095238,0.6182221000199206,0.07573460001731291,False
fft_rmsnorm,RandomForest,0,3,3,3,1006,299,0.7926421404682275,0.704424323178487,1.0,0.18421052631578946,0.8607594936708861,0.7727272727272727,0.6532310999464244,0.06554760003928095,False
fft_rmsnorm,RandomForest,0,3,3,4,1011,291,0.7800687285223368,0.6686467690524485,1.0,0.058823529411764705,0.8571428571428571,0.7586206896551724,0.6325268999789841,0.07585140003357083,False
fft_rmsnorm,RandomForest,1,0,1,0,1178,264,0.8636363636363636,0.8617216117216118,1.0,0.6666666666666666,0.8571428571428571,0.9230769230769231,1.5699086000095122,0.20408799999859184,False
fft_rmsnorm,RandomForest,1,0,1,1,1193,249,0.8554216867469879,0.850187662756631,1.0,0.6326530612244898,0.8553459119496856,0.912751677852349,2.4379771999665536,0.20924699999159202,False
fft_rmsnorm,RandomForest,1,0,1,2,1194,249,0.8755020080321285,0.8751998001998003,1.0,0.7047619047619048,0.8589743589743589,0.9370629370629371,2.4415589999989606,0.18632899998920038,False
fft_rmsnorm,RandomForest,1,0,1,3,1193,249,0.8634538152610441,0.8601289949942241,1.0,0.66,0.8553459119496856,0.9251700680272109,2.5553097000229172,0.20427960000233725,False
fft_rmsnorm,RandomForest,1,0,1,4,1198,244,0.8975409836065574,0.9003189437768877,1.0,0.7663551401869159,0.8571428571428571,0.9777777777777777,2.497546800004784,0.19526970002334565,False
fft_rmsnorm,RandomForest,1,2,1,0,1178,311,0.842443729903537,0.7983560973439515,1.0,0.4842105263157895,0.8571428571428571,0.8520710059171598,2.3306037000147626,0.1805807999917306,False
fft_rmsnorm,RandomForest,1,2,1,1,1193,295,0.847457627118644,0.802161175214043,1.0,0.4943820224719101,0.8607594936708861,0.8535031847133758,2.2401233999989927,0.18576090002898127,False
fft_rmsnorm,RandomForest,1,2,1,2,1194,297,0.8451178451178452,0.7994344963879876,1.0,0.4888888888888889,0.8535031847133758,0.8553459119496856,2.6109029999934137,0.2589219000074081,False
fft_rmsnorm,RandomForest,1,2,1,3,1193,295,0.8508474576271187,0.8077112409390891,1.0,0.5111111111111111,0.8607594936708861,0.8589743589743589,2.5436767999781296,0.16248140000971034,False
fft_rmsnorm,RandomForest,1,2,1,4,1198,291,0.8487972508591065,0.8035714285714286,1.0,0.5,0.8571428571428571,0.8571428571428571,2.54359909996856,0.23571999999694526,False
fft_rmsnorm,RandomForest,1,3,2,0,1178,311,0.8713826366559485,0.8429358459478942,1.0,0.6153846153846154,0.8674698795180723,0.8888888888888888,2.35241309995763,0.17834340000990778,False
fft_rmsnorm,RandomForest,1,3,2,1,1193,299,0.8561872909698997,0.816599510517706,1.0,0.5376344086021505,0.8553459119496856,0.8734177215189873,2.4380063000135124,0.17724770004861057,False
fft_rmsnorm,RandomForest,1,3,2,2,1194,294,0.8707482993197279,0.8407777872063587,1.0,0.6122448979591837,0.8589743589743589,0.8918918918918919,2.3005380000104196,0.18877499998779967,False
fft_rmsnorm,RandomForest,1,3,2,3,1193,299,0.8862876254180602,0.8620467688151618,1.0,0.6666666666666666,0.8553459119496856,0.9261744966442953,2.331741800007876,0.1914685999508947,False
fft_rmsnorm,RandomForest,1,3,2,4,1198,291,0.8625429553264605,0.8255900621118012,1.0,0.5652173913043478,0.8571428571428571,0.88,2.277279100031592,0.17914929997641593,False
fft_rmsnorm,RandomForest,2,0,2,0,1178,264,0.8674242424242424,0.8662685494440452,1.0,0.6788990825688074,0.8571428571428571,0.9290322580645162,2.320717299997341,0.16643099999055266,False
fft_rmsnorm,RandomForest,2,0,2,1,1194,249,0.8232931726907631,0.8154692053433472,1.0,0.5434782608695652,0.9230769230769231,0.7953216374269005,2.273843700008001,0.16304970002966002,False
fft_rmsnorm,RandomForest,2,0,2,2,1192,249,0.8835341365461847,0.8834674804501239,1.0,0.7289719626168224,0.9115646258503401,0.8933333333333333,2.376746899972204,0.192805300001055,False
fft_rmsnorm,RandomForest,2,0,2,3,1194,249,0.8192771084337349,0.8057675657675658,1.0,0.5054945054945055,0.8933333333333333,0.8242424242424242,2.1695791999809444,0.15355729998555034,False
fft_rmsnorm,RandomForest,2,0,2,4,1198,244,0.8360655737704918,0.8255900621118012,1.0,0.5652173913043478,0.88,0.8571428571428571,2.3453584000235423,0.1704872000264004,False
fft_rmsnorm,RandomForest,2,1,1,0,1178,311,0.909967845659164,0.897716049382716,1.0,0.7666666666666667,0.96,0.8641975308641975,2.2308563999831676,0.27329400001326576,False
fft_rmsnorm,RandomForest,2,1,1,1,1194,296,0.9155405405405406,0.9028110979039712,1.0,0.7706422018348624,0.9781021897810219,0.8625,2.3348377000074834,0.18176790000870824,False
fft_rmsnorm,RandomForest,2,1,1,2,1192,295,0.9593220338983051,0.9543778801843319,1.0,0.9032258064516129,0.9714285714285714,0.9428571428571428,2.1788679999881424,0.17558949999511242,False
fft_rmsnorm,RandomForest,2,1,1,3,1194,296,0.9324324324324325,0.9239233700024182,1.0,0.8448275862068966,0.948905109489051,0.9019607843137255,2.4053292000317015,0.1696659000008367,False
fft_rmsnorm,RandomForest,2,1,1,4,1198,291,0.872852233676976,0.8459302651023242,1.0,0.625,0.948905109489051,0.8098159509202454,2.258971500035841,0.15455369994742796,False
fft_rmsnorm,RandomForest,2,3,1,0,1178,311,0.9356913183279743,0.9291896144767899,1.0,0.8387096774193549,1.0,0.8780487804878049,2.738854800001718,0.20374850003281608,False
fft_rmsnorm,RandomForest,2,3,1,1,1194,299,0.9431438127090301,0.9368663594470046,1.0,0.8571428571428571,1.0,0.8903225806451613,2.38968769996427,0.16926240001339465,False
fft_rmsnorm,RandomForest,2,3,1,2,1192,294,0.9489795918367347,0.9434980603811773,1.0,0.8760330578512396,1.0,0.8979591836734694,2.6728161000064574,0.16380019998177886,False
fft_rmsnorm,RandomForest,2,3,1,3,1194,299,0.9832775919732442,0.9817167565259168,1.0,0.9618320610687023,1.0,0.965034965034965,2.4623158000176772,0.205538299982436,False
fft_rmsnorm,RandomForest,2,3,1,4,1198,291,0.9106529209621993,0.8964863635378983,1.0,0.7547169811320755,0.9850746268656716,0.8461538461538461,2.086664300004486,0.1760630999924615,False
fft_rmsnorm,RandomForest,3,0,3,0,1183,264,0.7348484848484849,0.6727878828808549,1.0,0.07894736842105263,0.8502994011976048,0.7619047619047619,2.290141200006474,0.20180270000128075,False
fft_rmsnorm,RandomForest,3,0,3,1,1195,249,0.7630522088353414,0.722800566342264,1.0,0.2597402597402597,0.8407643312101911,0.7906976744186046,2.215343500021845,0.14554330002283677,False
fft_rmsnorm,RandomForest,3,0,3,2,1200,249,0.7349397590361446,0.6672315512203152,1.0,0.05714285714285714,0.8589743589743589,0.7528089887640449,2.199593500001356,0.18128209997667,False
fft_rmsnorm,RandomForest,3,0,3,3,1195,249,0.7590361445783133,0.7244132931632932,1.0,0.2597402597402597,0.9027777777777778,0.7351351351351352,2.188349600008223,0.19372159999329597,False
fft_rmsnorm,RandomForest,3,0,3,4,1203,244,0.8360655737704918,0.8303799780781878,1.0,0.5652173913043478,0.9705882352941176,0.7857142857142857,2.1869803000008687,0.191261800006032,False
fft_rmsnorm,RandomForest,3,1,2,0,1183,311,0.9356913183279743,0.9297639433736994,1.0,0.848,0.993006993006993,0.8780487804878049,2.0949466000311077,0.15373039996484295,False
fft_rmsnorm,RandomForest,3,1,2,1,1195,296,0.9054054054054054,0.8917935894521483,1.0,0.7358490566037735,1.0,0.8313253012048193,2.302372500009369,0.18649959994945675,False
fft_rmsnorm,RandomForest,3,1,2,2,1200,295,0.9355932203389831,0.9279447557593253,1.0,0.8376068376068376,1.0,0.8741721854304636,2.1362276999861933,0.15562049997970462,False
fft_rmsnorm,RandomForest,3,1,2,3,1195,296,0.9290540540540541,0.921888905461506,1.0,0.8347826086956521,0.9848484848484849,0.8679245283018868,2.2002208000048995,0.17288430000189692,False
fft_rmsnorm,RandomForest,3,1,2,4,1203,291,0.8969072164948454,0.8854499690653933,1.0,0.7663551401869159,0.9606299212598425,0.8148148148148148,2.0752478999784216,0.165310500015039,False
fft_rmsnorm,RandomForest,3,2,1,0,1183,311,0.9710610932475884,0.9686274509803923,1.0,0.9333333333333333,1.0,0.9411764705882353,2.5032302999752574,0.18853039998793975,False
fft_rmsnorm,RandomForest,3,2,1,1,1195,295,0.9830508474576272,0.9813339276759347,1.0,0.9618320610687023,1.0,0.9635036496350365,2.209499200049322,0.19953570002689958,False
fft_rmsnorm,RandomForest,3,2,1,2,1200,297,0.9865319865319865,0.9852813852813853,1.0,0.9696969696969697,1.0,0.9714285714285714,2.197844999958761,0.17940000002272427,False
fft_rmsnorm,RandomForest,3,2,1,3,1195,295,1.0,1.0,1.0,1.0,1.0,1.0,2.088199899997562,0.16407119994983077,False
fft_rmsnorm,RandomForest,3,2,1,4,1203,291,0.9896907216494846,0.9886304909560724,1.0,0.9767441860465116,1.0,0.9777777777777777,2.34432159998687,0.18919589999131858,False
